Apatani,English
Aga dwto a!,"Eat quickly, ok!"
Qo lucike a!,"I will speak, ok!"
Qo áagya’bwdo.,Isn’t this Yami’s house? I have come to the wrong place.
"Haqw áajó zijema, qo hwka udeho áatema kw.",I will not come that place as there is no benefit of it.
Lemba uraho áako si pe ha?,Is this the entry to the inside of the village?
"Da’hito, áakomi da’tiñbw yo.","Move aside, don’t stand blocking the entrance."
Mwlañja’hw so áakuñto.,Everybody gather here.
Koñda áakuñfa a.,Come early tomorrow.
No áakurfi ha?,Have you returned?
"Yamuna kwle ho yasi abu dùunwñ, heñpvr aarañ du do.","Since there are lots of water in the Yamuna river, it would be very deep."
"Myodu-myolo icu do ke, aare iñto a.","Time is less, go quickly."
Swzañ mwdó abù húmanwñ swgañ si aaxa’ do.,"Since it did not rain much this year, the stream is shallow."
Wqa aba’to pe.,Help me carry the baby.
Hwka yalañ mi mubu ho abañto.,Bury that stone in the ash.
Tatu tarù soheho ábìla da’.,Tatu is swinging on a rope.
"Abi’ma rañ ke, ice birañ pe.",It is not complete yet; give me some more.
Mo ka puri rijo hw abiñne ke.,Gambo has become an officer after studying well. His effort has been fruitful.
Qo abrv he aha ahw’ bwdo.,I am forgetting something.
spear   Bíilo swre mi adañ lo nw’ne.,In the olden days the wild pigs were hunted with spears.
strong; sturdy Swka yalañ ude si adañ kapa do.,This stone house looks sturdy.
add; include; incorporate; admix  Nwka posa bare mi alw’do koda laqe dokiñdo.,"If you add your one rupee, it will be a hundred rupee."
only; exclusively; solely Qo aji ho zimw adiñ kapado.,I can see only women in the fields.
head (anatomical) Sww adiñ mi abañja’ mi bidu.,The head of the sacrificed cow is offered to the eldest brother.
"Hello, how are you?",No ayaswdu lo?
What is your name?,Nwka armyan nwla na?
My name is John.,Ngwka armyan John
I am from India.,Ngo India hokw.
Where are you going?,No inpa(na)?
I am going to the market.,(Ngo) bwjer inchi.
What time is it?,Ne bajidoku?
It is eight o’clock.,aat bajidoku.
I want to eat rice.,Ngo apin dwnado.
The food is delicious.,Apin dwpyo do.
Can you help me?,No ngwmi help bila kendoha?
Thank you very much.,Paya aropacho.
You’re welcome.,Hangw maswke.
Good morning!,Aro aya.
Good night.,Ayo aya.
I love my family.,Ngo ato uru mi ano hendu.
This is my house.,Si ngwka ude.
The house is big.,Ude (si) kayedo.
Where is the school?,Skul si nona (donw)?
I am a student.,Ngo student.
The teacher is kind.,Sarw/medam si aha keyindo.
I like to read books.,Ngwpa kheta (si) puriripyodo.
This book is interesting.,swka kheta si interesting do.
What is this?,Si nw(pya/ na)?
This is a pen.,Si Pen (ke).
The sky is blue.,Yapun (si) jijido.
It is raining today.,Swlo mudo hudo/ hulado.
The sun is shining.,Danyi byodo/ byolado.
I am feeling happy.,Ngo nenpyodo.
I am very tired.,Ngo rengwdo.
Where is the bathroom?,Nekan (si) nona (donw)?
I need water.,Yasi bipe/ tannado.
The water is cold.,Yasi (si) chancha/ lakhw do.
I have two cats.,Ngwkw Aami dornye du.
The dog is barking.,Aki pilado.
Let’s go for a walk.,kwje sotesa.
The road is long.,Lenda si obyodo.
I want to buy clothes.,Ngo abi-tarw rwnando.
How much is this?,Si ne khwdo?
It costs ten rupees.,Si barlyanhe khwdo.
I don’t understand.,Ngo tachinma/taderma.
Please speak slowly.,Iche hasopa/ hasokwlyinpa luto
Can you repeat that?,No hwmi lutilakindo ha?
I am learning Apatani.,No tanw-agun hikidu.
This is my friend.,si ngwka ajin (ke).
We are playing football.,ngunu football tuka swlada.
The game is fun.,
What day is today?,Swlo nw alo pya/na?
Today is Monday.,Swlo Monday.
Tomorrow is a holiday.,Aarda suti alo.
The festival is tomorrow.,Aarda festival do.
I like to sing songs.,Ngwpa bwsi swpyodo.
The music is loud.,Music si gorodo.
Where is the hospital?,Hospital nona donw?
I am not feeling well.,Aau si hempyoma.
Call the doctor.,doctor mi gyoto.
I need medicine.,Ngo dwro dwkindo/ tankindo ke.
The shop is closed.,Dukan si mwpyantola do.
I want to travel.,Ngo inkanando.
Where is the bus stop?,Basw (bus) dumoko nona donw?
The bus is late.,Basw (bus) si late  do.
I have a ticket.,Ngwika aginho ticket do.
The train is fast.,Train si nyibya hardoke.
I love the mountains.,Ngo  putu mi kajido.
The river is clean.,Kwle si darwdo.
The forest is green.,More si jijido.
What is the weather like?,Mwdo-yasi lakhw-gubu nwtando?
It is very hot today.,Swlo ano gubudo.
I need an umbrella.,Sati bere lagido.
The flower is beautiful.,Apu is kapyodo.
I planted a tree.,Ngo sanw range alito.
The fruit is sweet.,Ayi si tiido.
I am cooking dinner.,Ngo apin mwdu.
The kitchen is clean.,Kitchen si darwdo.
Let’s eat together.,Apin dwbinsa.
I am full.,Ere potedo.
The table is wooden.,Table si sanje hoka mwni.
Where are my shoes?,ngwka luku si nona donw?
My bag is heavy.,Ngwka bag si ayihdo.
I lost my phone.,Ngo nwka phone me alyuswto.
Can you call me?,No ngwmi phone/ call mwla kendo ha?
The movie is good.,Film si ayado.
I like to watch TV.,Ngwpa TV ano kajido.
What is your favorite color?,No nw rong mi kabyojado?
My favorite color is red.,Ngo lancha mi kabyojadu.
I am going to sleep.,Ngo imi talyike.
The bed is comfortable.,Sika sangw si imi ipyodo.
Wake me up at six.,Arda soy bajiho ahulyape a.
I have a meeting today.,Swlo meeting do.
The office is far.,Office si ado do.
I work every day.,Ngo alo karmyan kam lyidu.
Ngo siisida ude ho adukuran.,I have just come home (at the instant).
Tacho ado ha?,Has Tacho come?
Ngo so kiiran adu.,I often come here.
Niida Itanagar apa hendo?,When do you plan on coming to Itanagar?
"Ngo luladoto nii, phone ane.",I was speaking when the phone rang.
Si bilo aba-apa ka nitin nii.,This is a parable of our forefathers' time.
Ngiinyi abasii.,We both came together.
Nunu hutii abasii?,Who among you came together?
Aber kone ahiibiido.,I am leaving/missing something.
"Aber koneda atiisiito, kapakuma.","I kept that somewhere, but couldn't find it."
Nunuka abi-tarii giiniin si kapyo kapama.,The clothes that you are wearing do not look good.
Siika emo si abindo.,This rice is of good quality.
No ngiika agin ho bus station ho abokindo ke.,You will come with me at the bus station.
Ngiikii ngiiyi abu da.,I have many fishes.
Hiimkane loda abu bimajalo ayanedii ke.,It is not necessary to give that much to them.
Abu kela la niimi henga-henkhadopa miibitamasii ke.,I will not trouble you by writing too long.
O abu haja tayo.,Do not take too much beer!
Apple sanii hii ahi abuje bagiito la biku doku.,That apple tree bears so many fruits that it has become slanted.
Nunu abuje po?,You all are here?
Punyang kokii tiiko narbiinii hii abuje barchabiidoku.,The money borrowed from Punyan has generated much interest.
"Siika sanii simi siikenendii ke, iche abu-agato.","This tree may die, so provide some nutriments to it!"
Gramm: emphatic adverb.,Has the function of intensifying the meaning of the verb.
"Yo acho dotoku la, niibo mi diichiku henderlakuma.","There were many kinds of meat, I didn't know which one to eat."
"Syn: acho-acho Balu so, yalan acho- acho do.",This garden is full of stones.
Ngo si adabiido.,I have entered the right place.
Ngiika adin achi mi diiro diitinsiitii.,I ate some medicine to stop my headache.
Siinyan ngiika aji daka emo si ensu adin do.,"This year, my paddy crop is of dud rice only."
"B: Ma, hiimkane adoma ke.",Is it far from here?
Obing mi ka kapakumanii ano adoduku.,I haven't see Obing for ages.
Dukan hii lemba hokii 1 km ado ho do.,The shop is located one kilometer away from the village.
Ngo adomapa diichiku.,I will go shortly.
Hogyo-holyopa la aduyo.,Don't talk in a confused way!
No pongepa adukiilyiyo.,You don't talk differently again!
Hiinkane aduyo.,Don't speak that much!
Ngiika liipyo ho tiire adubiine.,A thorn pricked my sole (as I stepped on it).
Konchi mi payu agebiido.,A dragonfly got sticked by glue.
Hiinkane agin-aye miiyo.,Don't make so much fuss!
Ude ago ho habundo.,It is cool outside the house.
Mo ago ho linne.,He went outside.
Ngo momi agoyato.,I came before him/her.
"Tamo, let Pussang come first.",Don't come before him!
Ngiinyi ago-alo akasiisa.,Let us see who comes earlier [between you and me].
Ngunuka lembo agya si ano kachodo.,The entrance of our road is very dirty.
Car hii market agya si domoto la do.,The car is parked just in front of the entrance of the market.
Ngunu Tanii miilanru aha puye pa giila.,We all Taniis shall have a same thought.
"Siika buko simi, ngatiihajaku la diitiilakuma ka aha oh.",I think/feel that) this large wild rat is too tasty/oily to be finished.
Opi ka nyimo si aba mi ano giido ka aha.,I think/feel that) Opi's face resembles that of her father.
Ngo armyan mi aha- ahiibiido.,I forgot his name.
Ngunuka agun mi aha-ahiibiinyado.,We are forgetting our language.
Road accident daka siima mi kapate la aha lyilyi biiso hempa.,I was horrifed when I saw the corpse on the spot of the road accident.
Si more ho ahi du.,"We call this fruit 'bachi', it grows in the wild."
Molu ainsiitii.,They were similar.
Ngo Unka ka ude mi ahiibiidoku.,I have gone beyond Unka's house.
Ude ho aber kone ahiibiido.,I forgot/left something in the house.
Ngo diigo diissaniin mi ahiitoku.,I have forgotten to eat the meal/I have forgotten the food.
Molu ine adoku.,They have returned from fields.
Danyi ne akodoku?,How low is the sun in the sky?
Gramm: distributive pronoun of person.,"When used in a negative sentences, gives the sense 'no-one', 'neither'."
Ii'nga anii ka akunii mi kalyaladu.,The kid is waiting for her mother's return.
Niika ala mi laniinbo hu pe?,Who was that man who shook your hand?
Pigs have very powerful snouts.,They can turn over the ground like bulldozers.
Ngunuka ali atan si noho pe innyalyi nii?,Where have our descendants gone?
No nii ali-aho asodu?,What crops do you grow?
Siima mi alibiidoku ka ah.,The corpse has been buried (lit.
Aliitotiika luhankele.,I told you to put it in!
Ngo Ziro ho alo lohinhe dute/date.,I spent three days in Ziro.
Alo lodo.,The day is dawning.
Nii alu-aledo?,What are you busy at?
Iinga alungiine.,The baby was shocked.
Aki si ngiika ala mi alyado.,The dog is licking my hand.
Mo alye-ache da.,He stands shaking.
Sarpu daka alyi supa hankele sarpu si sapidoku.,The balloon got flattened as air was removed from it.
Mo alyin-atusiido pe ha?,Is he active?
Ngo ngiika kheta mi alyusiito.,I lost my book.
"Siika hime simi amanehe mi bikasiitii, ngo myalakuma.","I have given everythig to this child, but couldn't console him."
Aki amesiido.,The dogs are mating.
No aji miiko ho ami todo ka.,You are lagging behind in the cultivation of field.
Haman amindoku.,The vegetables are cooked.
Nanya niinyi ajin sii nyan an?,Are you and Nanya friends?
Mo anyi iche heter giisuma ke an?,"They don't resemble at all, do they?"
Taku ani lindoku.,A small bud of cucumber has appeared.
Mo anyi anii-oho sii pe ha?,Are they mother and son?
Ngiimi sari anobiine.,I got stung by a *sari tree.
Gramm: when referring to a particular object.,"When enumerating only, as in school, *anyi is used in place of *anye."
Ngo siika anyi agin ho inbolakinma.,I can't go along with them.
Ilyo apidu ha?,Do you rub your machete?
Papu mi apibiidu ha?,Did you break an egg?
Nunupa ngo apin miibiidu.,I have prepared a meal for you.
Aro apin diitiiku ha?,Did you have your breakfast?
Mo apo?,Did he/she come?
Yo mi yanii ho apubiitoku.,I wrapped up some meat into a leaf.
Hiimkane taroje miyu apun ho ngo ananma.,I don't want to go into such a large crowd.
Kulu apyun pyunnge da.,There is one [hanging] bunch of bananas.
Arda-rida ngo Thailand inchi.,I will visit Thailand in future.
Ari-apii daka miyu atan.,The people in the neighbourhood.
Barmi ari mi uru ho pebine.,The bride price was distributed among the lineage members.
Alye simi arkototiika aha.,I think you should bolt this door.
Anga arkhubiido.,The baby has regurgitated.
Niika armyan niihii la pe/Niika armyan nii la?,What is your name?
Ato Piilo mi tatii arniibiido ke!,The (Solar) frog is eating the Moon!
Aro horjin la ngiika ali tuhii-tukhelama.,I strained a ligament so I cannot move my leg.
"Biilyo luko-lumyomapa, siisi arta ho niimi no hokii tiiko labitalyi?",I give you money right now?
Isn't there any restaurant around?,There is one at that corner.
Hiika atan inka arun so domodu.,You can take a bus or a tempo.
Asii rigo hii doran.,There is still a line to be drawn.
Siika emo si asudo.,This rice is failed/of poor quality.
Ngo siika atan lo aji ronnge miibokokindo.,I shall require help from that group once in my field.
Mo ngiika atebo ako ka oho.,He is the son of one of my paternal uncles.
No nona ngiika diiri mi atiito nii?,Where did you put/keep my belongings?
"Aber kone da atiisiito, kapakuma.","I kept that somewhere, but couldn't find it."
No ato duko ho duto.,You sit in your own place!
Ato miisuto.,Do it yourself!
Aki si moka atu mi lyahi-lyasobiida.,The dog is licking its puppy.
Ngo hime atu kone kapato.,I saw a small child.
Hubur mi atubiilyato ah.,You should close/obstruct the field outlet.
No so atupa po adu nii?,Are you coming here for the first time?
"Si iche diito, au pa ayado.","Have a taste of this, it's good for your body!"
No ayasiido ha?,How are you (doing)?
Mo miyu pa hemper yapa ayapa da.,He is a very handsome young man.
Ngunu Tanii pa lusudo koda ayayakindo ke ah.,That will be better if we speak in Apatani.
Ayu hoka Tanii aba-apa atan hii.,The Apatani ancestors of olden days.
"No ayumada Itanagar tone pe la hento nii, hiira tochinkiilyi po?","You have been to Itanagar recently, are you going again?"
"Kere talo si yalo bidonii, ayumapa tachenedo.","There is a slight crack running along the mirror, it may soon break."
Mo anyipa nii mi babilyiku?,What have you brought for them?
Molu yasan mi babindo.,They are carrying firewood together.
"Myrica nagi), a sub-temperate evergreen tree yielding tasty, reddish fruits.",The plant is also used as a remedy for indigestion .
Tara niinyipa hangii bagiiku ha?,Did Tara bring something for you two?
Apple sanii hii ahi abuje bagiito la bikudoku.,That apple tree bears so many fruits that it has become slanted.
Nehe baji do?,What time is it?
"Kiije, arun-are ako da, dumosa.",The seminar starts at 10 o'clock.
Ngo Opi mi bakadu.,I am carrying Opi on my back.
Siika kiidi si bakado.,This part of ground is depressed.
Inka abya si nohopa yu baliigiido nii?,Where is that ladder brought from?
Hiika ho ngo ngiika cell phone mi bapasiito.,I lost my cell phone there (over there by your side).
Alyi mi barbiidoku.,They have carried the pig.
Siika mirror si yalo bardoku.,This mirror has got cracks.
Ane ka yagii mi ngo baragiilyi.,I am going to carry my mother's *yagii (i.
Balu si barbudo.,This homegarden is fertile.
Gramm: used for referring to a particular object.,"When enumerating, as in school, *barkun is used in place of *bare."
Siika taru si tiitihankele barene.,The rope broke as someone pulled it tightly.
Ngo bariduku ke ah!,I have got up!
"Gramm: when enumerating only, i.","When referring to one object in particular, *bare is used instead."
Barmii ari mi uru ho pebine.,The bride price was distributed among the lineage members.
Anyan ho piilo barne dodu?,How many months are there in a year?
Kiidi barro.,A big plot of land.
Ngunu yasan batetalyi.,We are going to fetch some wood.
Inka miyu si bayo-bayopa la putu so chaladiima.,That person is fat/slow moving and therefore may not be able to climb the hill.
Paro bedo.,The chicken is scratching at the ground.
Ngo tari ka agin uyi bebokendo.,I will assist the priest in chanting.
Danyi behudo.,The sun is shining/giving light.
Danyi bendo.,The sun is shining.
Siibi berdo.,The monkey is jumping.
Molu sulu mi berbiidu.,They jumped over the fence.
Siika table si mi byarbo-byarkato.,I jumped over the table.
Hiika yo alyo mi danyi besinkiinento.,Let that skin meat dry under sunlight.
Molu ngiimi tiiko bihii.,They gave me money.
Ngo lunch pa tiiko biboto.,I paid my share of the lunch bill.
Ngo anyo mi mitai bigote.,I missed to give a sweet to Anyo (while distributing to others).
Obing mi application form mi bigote.,I missed to give an application form to Obing (while distributing to others).
Ngo Yabo mi mitai bigote.,I gave a sweet first to Yabo.
Apatanis brought the seeds with them during their migration.,"This way, it never flowers."
Sanii biko-biko ohodoye.,The tree was very tall and swaying to the wind.
Niimi Tara English kheta mi bikur daku ha?,Did Tara give you back your English book?
Kago mi ka bisiinii mi Apa mi bikha-bito la.,I mistakenly gave to Apa what was to be given to Kago.
Molu yakhan binkindo.,They will offer one *yakhan of rice.
Ngo siika kheta simi Tago mi bipasiitoku.,I have given that book to Tago.
Nunu biiju-miiju mi ano ayapa biikindo.,You must behave in a mannerly way.
Mo niido insu-intopa inribiine?,When did he/she start walking?
Ngo Ommo ko chabii la Taki la ude loye chachi.,"I will go [up] to Ommo's place, then I will proceed upto Taki's house."
Hapoli so miyu giije-giije dado daye.,There was a huge number of people in Hapoli.
Siika putu si hemper biiledo.,This mountain is very slippery.
Ahi biilii.,A loose tooth.
"Mo aku Tama nyan, ngunu ude biilyo ho dudu.","He is uncle Tama, our neighbour (lit."
Ngo biisidu.,I sing/I am singing.
Mo biisitalyi.,She will sing.
Yalo mi uyi bobiidu.,The spirit carries the soul.
Ngo Tamo agin ho Delhi bobotalyi.,I will go to Delhi with Tamo.
Daniibo.,The one who is standing.
Siilo ngiiyi laniibo Tama.,The one who caught fish today was Tama.
Ngo Apa ka bosiiniipa bobilyi.,I shall go on Apa's behalf.
Obing agin ho Thailand bobotalyi.,I will go to Thailand with Obing.
Mo ngiika subu mi bolibiine.,He took my mithun to avenge himself.
Hiika kheta hii bolyodo.,That book is thin.
O si iche bolyokiilindo.,This beer is not very strong.
Billygoat Weed (Ageratum conyzoides).,"The juice is used in cuts or injuries, as it is said to have healing properties."
Ngo New York ho botu-bolyi.,I will go to New York for the first time.
Ngo gari bunando.,I want to own a car.
Yamu ho buji-buji adudo.,There are crackling sounds in the fire.
Molu more simi bukunsiido.,They jointly own this forest.
Siiro ka apin si iche bulun-biile- kiilindo ke.,This morning's food was a little sickly.
Terrorist atan hii railroad track mi bomb lo bupatii.,The terrorists destroyed railroad tracks with a bomb.
Iinga anye bupyun hepa butii.,The two babies were born as twins.
Ngiika aha si hadiihaja la bute-buyepa miidoku.,I got so much angry that my heart was about to burst out [of my chest].
"Ngo, mi kokii help lasaniin mi ano byado.",I very much hesitate to seek help from others.
Ngo Yampi pa yo byato la doye.,I roasted some meat for Yampi.
Siika tarii si khuku la byadoku.,This shirt is old and worn out.
Ngo Tamo pa yo byakhanpato la doye.,I roasted some meat specially for Tamo.
Lembo byanyo.,A narrow road.
Gramm: used for specifying a particular object.,"When enumerating, as in school, *byarkun is used instead."
Lembo byaro.,A wide road.
Danyi hutopa byodo.,The sun shines brightly.
Danyi byohudo.,The sun shines.
Piilo huto hii lenda mi byohudo.,The moon light is brightening the road.
Fire fighters hii yamu byololado.,The fire fighters are busy putting off the fire.
Ngo lemba chachi.,I will go up to the village.
Iin mo chasu.,Did he/she come up?
"No biilyo chatii koda ayatiido, siilo ngo Itanagar tochi.","It would have been better if you came yesterday, today I am going to Itanagar."
Byapu hanye pahe chadoku.,The bamboo shoot has grown to about two fingers widths high.
Kolo ka tanyi liiniin si chadoku.,The maize which was planted the day before yesterday has sprouted.
Ngo abya lo malo ho chachi.,I will step onto the roof by using a ladder.
No labi dalyi ho chaboto.,Please move towards the right.
Ali mi yamu chabyasiite.,I got my leg burnt from stepping on the fire.
Myopii mi uropa chadin'yo.,Don't tread heavily on the floor.
No bubble gum mi chagegiido.,You got a bubble gum stuck under your foot.
Ngo Yampi ka ude ho chagobiiduku.,I missed Yampi's house (i.
Si school chagya ke.,This is the entrance of the school (i.
Inka ii'nga ka kheniin si change-changeja.,That baby's cry is most piercing 3.
"Gramm: by enumerating only, i.",When referring to a particular object *channge is used in place of *channge.
"Tara, niika Daporijo chalyi ho Ziro ho chapebiilya.",You should make a stop at Ziro on your way to Daporijo.
Sa charladu ha?,Are you good at making tea?
"Iin, mo chasu.",Did he/she come up?
No pulye mi chatabiido.,You stepped on the cloth.
Ngo ipa chatagiido.,I stepped in some animal excrements.
Ziro chatupa chadu.,I live in Itanagar.
Court ho lawyer atan chesudo.,The lawyers are arguing [cases] in court.
Cheda koda goal sanii.,It was almost a goal.
Inka mihi milo nyi aya chegasiido ke.,This couple is very quarrelsome.
Mihi si milomi chetersiido.,The wife is defending herself against her husband.
Yasi ho ngiiyi chido.,The fish is swimming in water.
Airplane si ano nyibyapa chilado.,The airplane is moving very fast through the air.
"Diipyo hargiilyi ke, chituto.","The thief is running away, catch him!"
Ngo Bank Tinali linchi.,I will go to Bank Tinali.
Ii'nga si ano ahi lo chigadu ka.,The baby bites a lot.
Ngiika ala mi aki chigebiido ke.,A dog has bitten my hand.
Ngiika ala mi aki chiikhabiine.,The dog failed to bite my hand.
Ngo Delhi hokii ude achiku.,I will go home from Delhi.
Hogya si siidin dore chilobiine.,The leopard has hunted down a deer.
Aki toy mi chiminlado.,The dog plays biting a toy.
Aki si pulye mi chimii-chijabiine.,The dog has torn the cloth in pieces.
No niitampa chindu?,How do you know [it]?
"Chindu ha, inka balu si nunukii?",Do you know that garden is yours?
No ngiimi ka chindu ha?,Do you know/recognize me?
Mo pulye mi chinjatiiku.,She has finished to weave the shawl.
"No, VKV ho masii ha, purido nii ?",Do you study in VKV school?
Ngo Taser cho.,I am Taser (i.
Ngo niimi luto ha cho?,Did I tell you?
Ngo Tanii abu luchinmasu hojalo lukasiidu cho ah.,"I myself don't know much Apatani but I try to speak, ok?"
Yamu miiri cholin la chobyabiine.,I got burnt from the embers that popped out of the fire.
No indahe.,You go!
"Apin miiyo, piijoda ngunu restaurant ho diitesa.","Don't cook meal, later on we shall eat out at a restaurant."
Ngo niika agin ho dabomonchi.,I will go across with you.
No diidadiima.,I swear you eat.
Sarii ngiimi hiinyan mohi dadopa gada.,The Teacher scolded me in such a way that I felt ashamed.
Aro konchi dado jimi-jamadorampa ngo aji inchi.,I shall go to paddy fields at early morning (i.
Lenba daka yapa atan hii.,The village youngsters.
"Aki, paku daka apin mi diikhapabiine.",The dog has completely finished off the rice on the plate.
Iche dalyato.,Please wait a moment!
Inka sanii si dangilado.,That tree is falling.
"Lemba hokii, danye dalin la school doda do.",The school is located within walking distance from the village.
Danyi chado/chalya.,The sun rises.
Niika mobile mi tiiko bimapa danyopa ha labiinii?,Did your mobile phone come free of charge?
Biidan dara.,A steep cliff.
Dariipa kelyato!,Please write clearly!
Ngunuka Ziro ganda mi supun ho dariijapa busa.,Let us keep our Ziro in a cleaner condition.
Ngunu Tanii miyu atan si ato ganda mi darii-pyabyadopa bulado koda ano ayakindo.,It will be a good thing if we Apatanis keep our own land clean.
Inka sanii si daryilado.,That tree is falling.
No hime dema!,You are a bad boy/girl!
Ngo taderlama.,I can't understand/I can't hear properly.
Ngo kaderlama.,I can't see properly.
Sii dichan bedo.,The cow is scratching at the ground.
Ngo diipyo ako mi diiba- diikasiinando.,I want to eat some nice food [along with others].
Ngo apin diigamato.,I was not a voracious eater/I did not eat voraciously.
No alyi mi diigo hoto ha?,Did you give food to the pigs?
Ngo diigo diimarampa achi.,I will come before the meal.
"Diipyo-tansonan ela, hangii diigo-tango nyima sii ha?","I feel like eating something, have you got something to eat?"
Aki paku mi diikhabiine.,The dog has eaten up all the rice on the plate (until the very last bite).
Aki mi takhe si diikhiitabiido.,The tick is about to kill the dog by sucking its blood.
Kolo ka hulyi diiniin hii ngiimi diikhiibiineku.,The lard I ate the day before yesterday suppressed my desire to eat pork anymore.
Ngo diikhu mi diitema.,I won't eat the leftovers.
Diipyodo ka ah.,"It tastes good, doesn't it?"
Diipyo kapa ela!,It looks appetizing!
Ngo diipyo ako mi diiba-diikasiinan do.,I want to eat some nice food [along with others].
"Diipiyo-tansonan ela, hangii diigo-tango nyima sii ha?",I feel like eating something- have you got something to eat?
Ngo diigo diisiiniin mi ahiitoku.,I have forgotten to eat the meal/I have forgotten the food.
Intosi putu puro puye do.,There is/lies one big mountain.
San ude ho do.,A table lies in the house/there is a table in the house.
Siika marble si dogin gii ha byo ha.,I can't sleep with this marble (in my pocket)!
Aki nyimi alyi nyimi dogyosiikiinento.,Let the dog lie with the pig.
"Kheta atan si dogyo-dolyi dotokula, History kheta mi mepakuma.",I could not find the History book as books are randomly mixed up.
Yapun ho dolya byone.,There were flashes of lightning in the sky.
Pagi hii dolyulama.,A debt cannot be forgotten.
Gari domone.,The vehicle stopped.
Bazar ho haman done.,There were vegetables in the market.
Sarii ngiimi hiinyan mohidadopa gada.,The teacher scolded me in such a way that I felt ashamed.
Abu kela la niimi henga-henkhadopa miibitama sii ke.,I will not trouble you by writing too long.
Aba ka hadii mi Ane yanudopa lulobiineku.,The mother calmed down the father's anger.
Ngo momi imidopa kapato.,I saw him/her sleeping.
"Gramm: by enumeration only, i.","When referring to one object in particular, *dore is used in place of *dorkun."
Apin nyimapa yo adin doye.,"There was no rice, only meat was available."
Aki hii intosi du.,The dog is sitting there.
Hiila miitotiika du.,Do it like this.
Nunu pa ngo apin miibiidu.,I have prepared a meal for you.
Ngunu Ziro hokii todu.,We came (just now) from Ziro.
Tara-lu ka ude ho ano yo khiigadu.,There is always some meat being cooked in Tara's home.
No rengiidudo.,You must be (feeling) tired.
"Tarun ka ude si uyi miilado nii, ngoya ako hachedudo.","A ritual is being performed at Tarun's house, I guess there is some trouble there."
Dukun ho ngo Tallo pa dubite.,I sat in the meeting for Tallo.
"Ngo, moluka agin ho dubotalyi.",I will stay/sit with them.
Ii'nga si duchindoku.,This baby has learnt how to sit.
Tanii people live in Ziro.,Does he live here in this colony?
Molu nunuka colony ho dududo hiila (ngo) henhankiile.,I thought they live in your colony.
Noho moluka duko do?,Where is their sitting place?
Molupa duko mebitii ha?,Have you arranged accomodation for them?
Ngiika dukhu-palyo mi joliimon pe kan.,You got to help me carry my luggage and all.
Iche dulyato.,Please wait a moment !
Mo dumolyi ho biisi ayu yutii.,He used to sing traditional songs when relaxing/resting.
No inka car hoka duniibo miyu mi kaladu ha?,Do you know that man who is sitting in the car?
Police diipyonii mi latudupa la tulyaladu.,The police is waiting to catch the thief.
Toro kiidi durdo.,The Stag Beetle is digging the soil.
Nunuko mi duye ha?,Was there anyone at your place?
"Diipyo-tansonan ela, diigo-tango nyima sii ha?",I (really) feel like eating something.
Endi atan hii empii giidu.,The paddy plants carry husks.
Ane-akha atan kotuto la endi liila danya daye.,The old women were planting rice saplings in a bent forward stooping posture.
Ngo Unka ka ala mi gabiito.,I grabbed Unka's hand.
Momi teacher gabiine.,The teacher scolded him/her.
Ngo diigamato.,I was not a voracious eater (i.
Police si public kokii kamo laga-lale lalado.,The police takes excessive bribes from the public.
Gramm: used when referring to a particular object.,"When enumerating, as in school, *garkun is used in place of *gare."
Gehepa ka lukanniin.,A boring speech.
Ngo ngiika hadii mi momi gennannanto.,I vented my anger on him/her (though the mistake was not his/her).
Siika Myoko so ngo pore o tangiito la henko-henko giipa-giiya gikanando.,I feel like drinking lots of black beer and fall and lie here and there.
Niika au heru mi medical ingiimapa abuyapa gilu-gilesiidii ke.,You may harm yourself more by not going to hospital for your sickness.
Gitu-nanii pa pillow mi saliito pe.,Please put a pillow to block the place where I'm lying.
"Lonyi-lohin kapyopa, ngo niimi kapato, no uniform giito la dane.","I saw you some days back, you were on uniform."
Siika yo si alo giido ke.,This meat has bones.
Sir student mi ingii.,The teacher took the student along with him.
Tabin ka nyimo daka giikor si momi kahogiido.,The scar left a mark on Tabin's face.
Siika suit simi ngo giijepatoku ke.,I have repeatedly worn that suit.
Siika tasan si giikhiitiiku ke.,This bead is worn out (i.
Ngunu yasan giitetalyi.,We are going to fetch some wood.
Roti si godo.,The pan is swelling.
Aeoplane gohadoku.,The plane has landed.
Piita gohadoku.,The bird has come back to its place.
Nunu gokun-gopasii'nge.,You go and fly together!
"Siilo ngo bije gomurte ke, ngiika ali mi bije pipobiine.",I was putting up a fence.
Yasi gubu lo ali mi tobyasiitii.,I got burnt on my leg from spilling hot water on it.
"Apatani community, although casualties could not always be avoided.",The last *gyambo took place in 1972 in Tajang.
Ngiinyimi principal gyone.,The principal called both of us.
Byapu hanyepahe chadoku.,The bamboo shoot has grown to about two fingers widths high.
Siilo diyobar ha enna?,You were leaving on Sunday.
No seminar pa ha adu nii?,Do you come to attend the seminar?
Ngo sukun hokii yasi hadu.,I fetched water from the well.
Ngiimi aki hakhabiine.,I was slightly bitten by a dog (i.
Nunu lembo si jebi adin doto la ano aha-akhado.,The road to your place was muddy and it was not easy to come.
No akan habya!,You are so late!
Inka nyimii si luruhajedo.,That girl is too stubborn.
Yamu arun haja ho duto la ali mi yabya-yalyabiine.,"I was sitting too near to the fire, so I got my leg burnt."
Aki hii yo hakhiibiine.,The dog took the meat away.
Haman sanii pyuko ho?,Where are vegetables sold?
"Literally 'bitter vegetable"".",The leaves are eaten and have a bitter taste .
Centella asiatica.,The leaves are either boiled or eaten raw with *pila.
Arii hane podoku?,How high has the horn grown (in finger widths)?
Hangii diigo-tango nyima sii ha?,Have you got something to eat?
Mo oho milobo hanyaja hii.,He is the youngest son.
Yo hii yo bade hao da.,The meat is on the ceiling rack.
Putu hao ho ude kone do.,There is a house on the hill.
"No aji mi hapahe, aru holobiidoku a cho lo.",You have done almost all the weeding work of paddy field.
Aki ami mi hargayado.,The dog runs faster than the cat.
Fan si hariido.,The fan is rotating.
Aki mi gari hakhiibiine.,A dog was run over by a car (and is dead) Var: hakhii.
Taxi harlebiine.,The taxi has gone away.
Harti aku.,It has become rusted (lit.
Hiika hata daka ude hii Apa kii.,That house in front (of you) is Apa's house.
"Train time ho alyidiike, hatii- miilii dulyato.","The train may arrive on time, wait calmly."
Niika TV program kaniin si hatin ala kasudu pe ha?,"The way you are watching TV programs, is it of any importance?"
Hangii diisii nyima sii ha?,Do you have something to eat?
Alyi hedu.,The wind blows.
Alyi piilyi hedubiine.,The wind destroyed the hut.
Labourers atan si kiidi hekolado.,The labourers are digging the soil.
Ngo so apin diite hela ato.,I came here after I had my meal (lit.
Ngiimi helo pe!,Please forgive me!
Niimi kapa lala ngo hemper hempyodo.,I am very glad to meet you.
Ngo niimi kapa lala ano hempyodo.,I am very happy to meet you.
Ngunu hii hempyopa apin diidu.,We are happy to eat rice (lit.
Hiila pe hendo.,I think so.
Ngo hendo nii no miyu denki ako.,I think that you are a good/nice person.
"Obing mi ka, kamijapa kamakuniin hii, ngo hendo nii, nyanngo duku do.","The last time I saw Obing was, I think, five years ago."
"No ayimada Itanagar tone pe la hento nii, hiira tochinkiilyi po?","I guess you have been to Itanagar recently, are you going again?"
Hendersiidu ha?,Is it clear?
"Ngo, hu ya pe hiila henderlamato.",I could not make out who he is.
"Yo acho dotokula, niibo mi diichiku henderlakuma.","There are many kinds of meat, I don't know which one to eat."
Molu nunuka colony ho dududo hiila (ngo) henhan kiile.,I thought they live in your colony.
"My child, after buying clothes to go to school, has now refused to go.",That has made me confused on what to do.
Labourer si belcha lo hepalado.,The labourer is removing soil with a shovel.
Gramm: indefinite pronoun of person.,"When used in a negative sentences, gives the sense 'no-one'."
School ho miyu kone heter nyima.,There is no one in the school (lit.
See: hi.,This mixture is kept for fermentation for about one week.
Ngiika aki kapaniin hii pulumane.,The dog whom I saw was not white.
Hii ngiika ude.,That is my house.
Kupato.,That is useless.
"Tapu has gone to school, hasn't he?",I told him not to go.
Phyllotachis bambusoides) but having a thinner skin.,The stem is strong and for that reason commonly used to make pillars.
Hiika ude hii perodo.,That house is big.
Hiika anyan ho.,That year.
Hiika hii ngiika ude.,That is my house.
Hiikane tuniipa ngo miiladiima!,I may not be able to do it so quickly!
Hiila do.,It is/it does (confirming a statement or answering positively to a question).
"No, VKV ho masii ha, purido nii?",Do you study in VKV school?
Inka balu si nunukii hiila chindu ha?,Do you know that garden is yours?
Hiila na ma hempado.,I don't think so.
Insi aki hiilyan ela.,That looks like a dog.
"Mo, Obing hiilyan, luju-lumyo ayado.","He is a polite fellow, just like Obing."
Tapyo si hajmola hiilyan dota ka aha.,This tapyo salt tastes like hajmola.
Mo yasan bananmanii hiilyan bado.,He is collecting firewood as if he does not want to.
Momi kapatonii hiilyan-hiilyan hensuto henderlamato.,I thought (as if) I had seen him/her somewhere but I did not remember.
Hiinkane loda abu bimajalo ayanedii ke.,It is not necessary to give that much to them.
Sokii la ado dope ha?,Is it too far from here?
Hiitampa ha?,Is it like that?
Hiitampa ngiimi kadiyo.,Don't stare at me like that!
Ngo Ziro ho indu.,I moved to Ziro.
Ho nii kapatii?,What did you see there?
Ngo ho aji miila dokindo.,I shall be cultivating the field then.
B: So what?,Let me sleep.
No hogya taker mi membiine.,You killed a leopard.
"No rengiisiidudo, hojalo ngiimi bazar linkunpe.","You must be feeling tired, still please accompany me to the market."
Niinyi no hokii?,Where are you (two) from?
Ngo lemba hopa tolyi.,I come (down) from the village.
"No aji mi hapahe, aru holobiidoku ah cho lo.",You have done almost all the weeding work of paddy field.
Yamu ho buji-buji honbiitola.,There were crackling sounds in the fire.
Acho-amyo hopa patii hii uroja hii.,The tiger is the strongest animal (lit.
Ngiikii arda ngoya ingo ako do hopa school alakenma.,"I have to go somewhere tomorrow, therefore I cannot go to school."
"Ngo siilo doctor mi kapakendo, hopa school alakenma.",I shall see the doctor today so I shall not be able to come to school.
Inka hime si hu pe?,Who is that child?
Insi hu na khedonii?,Who is crying there?
Hu na si?,Who is this?
Hu na ude ho anenii?,Who is the one who came to my house?
"No, hu ya pe?",Who are you?
Inka atan si hu ya pe Tama ka anii?,Who among them is Tama's mother?
Danyi hudo.,The sun shines.
Inka atan sokii hubo ya pe Tama ka anii?,Who among those is Tama's mother?
Ngunupa diigo-tango iche mebii.,Please arrange some food and drink for us.
Iche diito.,Please eat!
Ngo iminando.,I feel like sleeping.
Ngo niika agin ho inbotalyi.,I will go with you.
Inka alyi si atudo.,That pig is small.
Inka miyu si hu?,Who is that man?
Inka insi ngiika ude.,That is my house.
No inpa?,Where are you going?
Ngo inso hao chatema.,I will not go up there.
Opi niido insu-intopa inribiine?,When did Opi start walking?
Intodaka ude hii ngiikii.,That house is mine.
Intodakiisi ngiika ude.,That is my house.
Intosi ngiika ude.,That is my house.
Niimi ipun tarun bobii masii ha?,Are you dragged away by ipun tarun?
Lapo iibyo.,A long arm.
Mo anyi mi iipiikiinento.,Let them broom.
Ude ja kone heter nyima doye.,There was no house.
Ude ja abuje do.,There are many houses.
Jabyo hosu ke lusu da nii.,He is speaking meaninglessly.
No bus jalo tempo latulakindo.,You can catch a bus or a tempo.
Apin jebido.,The rice is pasty/gluey (i.
Si ji kiinipa hiila - no nii na diido nii?,What is this black thing you are you eating?
Yapun hii jijido.,The sky is blue.
Anii hii jijido.,The leaf is green.
Apatanis.,The leaves may be consumed as a vegetable.
Pachu mi gari jipibiine.,The car ran over a chicken.
Sari lune kiidi hii jipudo.,The teacher said that the Earth is round.
Tero mi hime kapakiinedii la hiila jochunbiine.,She has hidden the chilly to avoid the children from seeing it.
Ngiimi joka pe!,Please carry for me!
Siika pen mi ngiimi bipe.,Please give me this pen.
No niimi kadu?,What are you looking at?
Pila ala si kadoku.,This rice porridge has condensed.
Ngiiyi siiper si yasi kacho riilado.,The water lies stagnant and dirty in the fish pond.
Unka ka ude mi kaderbiido.,I can see Unka's house clearly.
Uyi kahokodii la ngo diipyotama ke.,I shall not steal as I may be punished by the gods/spirits.
Ngo Yanya mi kauja.,I envy Yanya.
No taper kai ela luda nii.,You are saying too much.
Simi kakato.,Have a look at/to it!
Look at their shoes!,Let me see.
Nii kaka-kaso.,Let me have a look at that.
Taj Mahal mi American atan hii detail study miidupa la kakur hanyado.,The Americans have returned to relook at the Taj Mahal for detail study.
"No inka car hoka, duniibo miyu mi kaladu ha?",Do you know that man in the car?
Danyi bije kalyandoku.,The sun is at the height of bamboo tips (i.
Kamijapa kamakuniin hii nyanngo dukudo.,I haven't see Obing for ages.
"Ngo doctor kapate, medicine labiitii.",I saw the doctor and took some medicine.
Ngo siidin mi more ho kapato.,I saw the deer in the jungle.
Ngo hii niimi kapabiido.,I am glad to see you.
Nunuka abi-tarii giinii si kapyo kapama.,The clothes that you are wearing do not look good.
Ngo ude penko kapama.,I don't find a place to build a house.
Ngo molumi kapa-kakama.,I haven't seen them before.
Siika pulye si kape-kalodo kii.,This cloth is transparent.
"Lonyi-lohin kapyopa, ngo niimi kapato.",I saw you some days back.
Piilo kardo.,The moon begins to emerge (in the evening sky).
Aki kardo.,The dog is lying.
Piilo karbyanmaran.,The moon is not yet full.
Piilo karlindoku.,The moon has appeared (in the sky).
Piilo karlindu pa myodu doku.,It is time for the moon to emerge (in the sky).
No momi kayeyado.,You are taller than him/her.
Ngo chakindo ke.,I will definitely go (up).
"Si kamolyi ke, nyibyapa insa.","It is becoming dark, let's go quickly."
Ngo siti ketii.,I wrote a letter.
"Niika Tanii agun kenii sii ano pupyosiido, ngoya aya kechinmarampa ke.",The way you write Apatani is very easy to read.
Siika colour si aya kekedo ke.,This colour is strong.
Siika coffee ka colour si ano kekedo.,The colour of this coffee is very strong.
Ngo miilakendo.,I can do (it).
No imikendo.,You shall sleep.
Ngo aki apin mi diikenendii la jochuntalyi ke.,I shall keep the meal away to prevent the dog from eating it.
Kere talo si yalo bidonii ayimapa tachenedo.,"There is a slight crack running along the mirror, it may soon break."
Ngunu London bokindo.,We must go to London.
Siika kheta simi Tamo mi ka bikindonii.,This book is reserved for Tamo.
Ngo apin diitekindoku.,I am going to eat now/at the instant.
"Siisi chakinmane ke, 9 a.","We should not go now, our time is at 9 a."
"Ngo Taki ko chakinsiine, miido huto la opatoku.","I should have gone to Taki's home, [but] since it was raining I gave up."
Ngo siiro kii apin diimaran.,I haven't eaten since this morning.
Mokii oho milobo hinhe du.,He has three sons.
No molumi niida inkiinenchiku.,When will you let them go?
"Kiije, arun- are ako da, dumosa.",The seminar starts at 10 o'clock.
"Ngo yasan takele, ala tabyasiito.",I hurt my hand as I splitted the firewood.
Siiro ka apin si iche bulun-biilekiilindo ke.,This morning's food is a bit sickly.
Kiile-siigan hoka yasi sii kiilo-kiilo.,The waters of rivers and streams are shining.
Ngiimi (iche) inkenen pe.,Please let me go.
Ngiimi imikiinen pe!,Let me sleep!
Momi lukiinento.,Let him/her speak.
Moka miigo mi ato miisukiineto!,Let him/her do his work by himself!
Momi lukiinenyo.,Do not let him/her speak.
"Lithocarpus dealbata (syn: Quercus dealbata), a variety of oak.","The fruits are eaten, and the leaves used in the making of altars."
Gramm: used for counting a particular object.,"When enumerating, as in school, *kiikun is used instead."
Ngunu niinyiko ronnge tere soka hama.,We haven't visited your place even once.
Niiko ho tiiko iche dokindo ha?,Do you have some money (in your possession)?
Dema denjoko pa mo miinekobiine.,He was beaten for being naughty.
Hogya taker hii nolo menkone.,The leopard was killed by you.
Diikobo.,The one who was eaten.
Bikobo.,The one to whom (something) is given.
Miikobo.,The one to whom (something) is done.
Ngo a koda no?,What if I come?
No iche kohiiyato.,Please move a little bit from your place!
Mo kokii puri-rigii.,I learn from him/her.
Kolo ka o miiliinii hii lyikin-lyirisiidoku cho.,The beer which has been prepared one day before has fermented.
Ngo Mumbai ho kolo aku.,I arrived in Mumbai a couple of days back.
Siika lachan si ano kolyan miiloto la kapyodo.,This ring is very round and pretty.
Konchi mi payu agebiine.,A dragonfly got sticked by glue.
Ude ya kone heter nyima doye.,There was no house at all.
Ngo Tanii agun lunii kone tare kapamaran.,I haven't seen a single person who speaks apatani yet.
Mi kone tere akamane.,Did anybody come to my house?
Ngiinyi lenda ponsa pa ude ho aku.,We came home by different routes.
Ngo ude ho daku.,I am at home.
Winter Melon/Wax Gourd/White Gourd (Benincasa hispida).,A non-native cucurbitacea.
Ngo Yami ka coffee kuniin mi tagyabiito la tea ya bito.,I didn't understand that Yami was asking coffee and I gave her tea instead.
Mo ngiimi tukhabiine.,He miskicked me/He failed to hit me.
Ngo ngiihi mi lakhato.,I could not catch hold of the fish.
"Aki, paku daka apin mi, diikhapabiine.",The dog completely finished off the rice on the plate.
Niiko tiiko khesiido ha?,Do you have enough money?
Hime khenii.,A crying baby.
Tanii aji hoka apo khenniin kanepa ngunu town daka miyu atan hii khenchilakenma.,We the people from cities can't work as hard as Apatani farmers do.
Simi ne khiidu?,How much does it cost?
Niika khiibe ajin atan hii nii la ludo?,What do your other friends say?
Miyu khiiga.,A person who offers for sale at too high a price.
Siika shoe si ne khiiniin na?,What is the price of these shoes?
Ngunuka Ziro ganda mi supun ho kiniinjapa busa.,Let us make of our Ziro a most valuable place.
Gramm: used when counting a particular object.,"When enumerating, as in school, *khokun is used in place of *khohe."
"No rengiisiidudo, hojalo yasan khonyehe tatoran.","You must be feeling tired, still cut/split some firewood!"
Ngunuka ude khu simi pyapakendoku.,We have to remove/destroy our old house.
Yo khudoku.,The meat is stale.
Mihi- milo nyi pasudu la ude mi pudu-punyu pujabiine.,A husband and wife quarrelled and completedly destroyed their house.
Molu ngiiyi lane.,They caught some fish.
Ngo doctor kapate medicine labiitii.,I saw the doctor and took some medicine.
No nii subject mi B.,What subjects did you take for your B.
Ngiika salary lamaran.,I haven't got my salary yet.
Ngo imiladoto.,I was sleeping.
"Lembo ka labi dalyi ho, sign board kapatodii ke.",You will see a sign board in the right side of the road.
Ngo imiladokindo.,I shall be sleeping.
Mo luladokindoku.,He will have been speaking.
Molu aladone.,They were coming.
Nunumi ngo meladoto.,I was looking for you.
Ngo imiladotoku.,I had been sleeping.
Police si public kokii kamo laga-lale la dado.,The police takes excessive bribes from the public.
Ngo sa mi tantiilakenma.,I cannot finish the tea.
Si ngiika tarii ka lako.,This is a button of my shirt.
Ngo ngiiyi mi lakhato.,I could not catch hold of the fish.
Mo apin diila lala mo imineku.,He slept after he had his meal (lit.
Molumi lama-kiilin bijalopa ayasii lo.,It doesn't matter even if we gave a little to them.
Inka lanchan car mi kapado nyan an?,Do you see that red car?
Lanchan malo giiniibo ude.,A house with a red roof.
Ngiimi bazar linkun pe.,Please accompany me to the market.
Film hoka actor lintujapa linlyi ho ano kapyone.,The actor of the film was very handsome when he appeared for the first time.
Inka apple sanii simi Tallo liibiine.,"That apple tree, it was Tallo who planted it."
Sanii anii liido.,The tree is shedding its leaves.
No ayasiido lo?,Are you fine?
No kesutii lo?,Have you written?
Siisi lohepa apin diimaran po?,You haven't lunched yet?
Bot) Palm Grass (Molineria capitulata).,The leaves are used for wrapping salt cakes (*tapyo) and in ritual functions.
Alo loniin.,The dawning of the day.
Siilo ngo office hokii lopopa inku.,I left my office in the middle of the day (i.
Taki lu.,Who told you?
Siika ahi mi bachin hiila ludu.,We call this fruit 'bachin'.
Taki-lu noyu inne nii?,Where have Taki and others gone?
No ngiimi lucheyo.,Do not target me!
Ngo Tanii luchinma ke.,I don't speak Apatani.
Ngo Tanii abu luchinmasu.,I don't know much Apatani.
Mo luju-lumyo ayado.,He is a polite fellow.
"Biilyo luko-lumyomapa, siisi arta ho niimi no hokii tiiko labitalyi ?",I give you money now (instantly) ?
Lulu-lugoyayo.,Do not disturb the speech!
Niika luniin mi taderlama ya.,I can't grasp/understand what you are saying.
Molu ude ho luriisiine.,They talked in the house.
Inka nyimii si luruhajado.,That girl is too stubborn.
Niika pen mi bilya pe.,Please lend me your pen.
Ngiika alyihepa so kalyalya pe.,Please wait here until I come.
No siilyin danyi akumarampa ngiika ude ho chalyato.,Do come to my home this evening before sunset.
Kiidi lyangado.,The soil has sunk.
Yasi hii tapin pa lyido.,The water turned into snow.
Insi ke tabu sohe lyido nii.,There is a snake crawling (or 'a snake is crawling there').
Inka ubu sokii tabu sohe lyi.,A snake came out from that hole.
Tabu hii lenda ako ya ho lyiguneku.,The snake has crawled in another direction.
"Student atan hii siiro ka purinii, siisi lyihe puri ridoran.",The students have been studying from this morning and are still doing so.
No ngiika alyiku hepa imitalyi.,You sleep till I come.
Miyu meniin kala la lyilyi miiroja.,I saw the homicide and was very horrified.
Siika dutin simi lyobo-lyokato.,I jumped over the stool.
Mo Tapu ma.,He is not Tapu.
Ngiika aki kapanii hii pulumane.,The dog whom I saw was not white.
No malanjapa bii'nge.,You take the largest share!
"Molu, inka lanchan malo giiniibo ude ho nyan dudu nii.",They live in that house with a red rooftop.
"Si nii aki ha, malo yaki ha?",Is this a dog or a fox?
"Narun mi subu bako nan hempa do, malo sii ya bakotii yu ah.","It appears like a mithun has broken into a fence, or is it a cow who did it?"
Ngo amaranpa mo aneku.,He arrived before me.
Siinyan ude miimasa.,Let us not construct a house this year.
Nii photo pa no frame medu?,You are looking a frame for which photo?
Hogya taker hii no lo menkone.,The leopard was killed by you.
Ngo ngiika ajin mi tasan soye mi bito.,I gave one necklace to my friend.
Ngo momi luriila.,I was speaking to him.
Mi inneku ha?,Has the stranger left?
Mi inpa miidoku ha?,Is the stranger leaving/ going to leave?
Ngo ami- michanii miyu kone kapato.,I saw a blind man.
Si Unka ka miha.,He is Unka's boyfriend/lover.
Ngo mihi biiduku.,I am married.
Mo anyi mihi-milo sii pe ha?,Are they a couple?
Ngo milo induku.,I am married.
Inka milobo hu na?,Who is that guy?
Hime atan hii ball tuminsiidu.,The kids play ball to kill time.
Ngo biilyo kii miigo miiladoku.,I have bee working since yesterday.
Abu kela la niimi henga- henkhadopa miibitama sii ke.,I will not trouble you by writing too long.
Ngo siika atan lo aji ronge miibokokindo.,I shall require help from them once in my field.
Ngiika ali mi yamu miibyane.,I burnt my foot [lit.
Mo ngiika aji mi miidodo.,He is tilling my paddy field (i.
Miigo miipepato.,Do the work to completion!
Siika aji si miiha-miika.,This field is difficult (to till).
Hiimi miije-miije miimapa so ato.,"Don't do that over and over again, come here!"
Ngo miiterja mi miikato.,I tried to put forth my best efforts.
Inka ude atan si nii miiko pa yu?,What are those houses for?
Open this door!,Don't open that one!
Siinyan ngo exam mi miikhejapa miikatalyi.,This year I shall put forth my best efforts on the exam.
Ngiika une mi miikhosiito.,I scratched my wound.
Mo narun-nako miilado.,He is good at constructing fences and all (i.
Subu miilanja mi kapado.,I see all mithuns (without exception).
Miilyaniin mi miito.,Do what is expected of a normal person!
Siika ude ho tiiko-yanii iche donii miilan mi miime-miija liito.,I finished off whatever money saved/left with me on this house.
Ala miiposiito.,I cut my hand.
Ngo miiposiito.,I cut myself.
Ngo miiputo.,I made/committed a mistake.
Ngo ude mi miipu la miito.,I constructed the house mistakenly.
Ato miisuto!,Do yourself!
Ngo miiyeja mi miikato.,I tried to put sufficient effort (into doing something).
Mo anyi anii-oho siipe ha?,Are they mother and son?
Room n° 10 hii mo anyi kii.,The room n° 10 is theirs.
Mo anyiko tiiko bare tere nyikumane.,They two were without even a penny left.
No molumi niida inkiinenchiku?,When will you let them go?
Tabin ka nyimo daka scar si momi kahogiido.,The scar left a mark onTabin's face.
Molumi miibomonto.,Do it with them!
Help me to do it.,Do it with me').
Mopa ngo pencil sohe riibiidu.,I have bought a pencil for him/her.
Aki mudo.,The dog is rutting.
Mo myodi bone.,He went away.
No na aki pido nii?,Where is the dog barking?
Niika ala mi nii na miibiine nii?,What happened to your hand?
Si nii na?,What (thing/matter) is this?
Siika luku si ne khiiniin na?,What is the price of these shoes?
Molu apin diinando.,They want to eat (rice).
Danyi ne ohodoku?,How high is the sun in the sky?
Mo lune.,He spoke.
Siilo da miido hunedo.,It may rain today.
Kere talo si yalo bidoniin ayumapa tachenedo.,"There is a slight crack running along the mirror, it may soon break."
Nii kheta mi no puridu?,What book are you reading?
Si nii (na)?,What is this ?
No nii miidu?,What are you doing?
Hogya taker mi nii lo menbiine?,What was the leopard killed with?
Niiyu keda nii?,What is [he/she] writing?
Taki sii simi kebiinenii.,It was Taki who wrote it.
Ngo ami-michanii miyu kone kapato.,I saw a blind man.
Ii'nga hii anii ka akunii mi kalyaladu.,The kid is waiting for her mother's return.
Giiniibo.,The one who carries.
Molu niida akindo?,When will they come?
Bus niida harne yu ha?,When does the bus leave?
Mo niido ane?,When did he/she come?
Mo niido kii Ziro ho dudu?,How long has he/she been living in Ziro for?
Niidu piidimapa aduyo.,"Don't talk, it's of no use!"
Hii niika o?,What kind of beer is that ?
Hiika o hii niikii?,What is that beer made of?
Siitii hii niimkane kahene?,How big/large was the elephant?
"Old Ziro hii, sokii la niimkane na adodo nii?",How far is Old Ziro from here?
Danyi niimkane doku?,What is the position of the sun?
Niiriipaye diigo do siido cho.,I guess that) there is adequate food available.
No siisi niitan do?,How are you [feeling] now?
No so niitampa ah?,How did you come here?
Danyi niitampa da?,What is the position of the sun?
Siika tarii si nitan do?,How is this shirt?
"Excuse me, can you tell me how I can get to Od Ziro?",What a.
"No, no inpa?",Where are you going?
Inka miyu si nohoka du nii na?,Where does that man stay?
I'm from Hari village.,Where are you from?
Mo nohokii ado?,Where is he/she coming from?
"Biilyo luko-lumyomapa, siisi arta ho niimi nohokii tiiko labitalyi?",I give you money now (instantly)?
Nunuko mi du ha?,Is there anyone at your place?
Molu kapyonyado.,They are beautiful.
Ngiimi nyabe bekin'yo/nyabe biyo.,Don't frown at me!
Mo aku Tama nyan.,He is uncle Tama.
Mo Tubin nyan.,Don't you recognize him?
India ka president hii nyiimii nyan.,The President of India is a lady.
"Obing mi ka, kamijapa kamakuniin hii, ngo hendonii nyanngo duku do.","The last time I saw Obing was, I think, five years ago."
Aki si alo nyendo.,The dog is munching a bone.
Mihi-Milo nyi pasudu hiila ude mi pudu-punyu pujabiine.,A husband and wife quarrelled and completedly destroyed their house.
Dokun ho ajo nyikinma ke amin lo ka.,There will be no use coming to the meeting.
Ude ho ami nyima.,There is no cat in the house.
Mokii aki nyima.,He has no dog.
School ho miyu kone heter nyimane.,There was no one in the school.
Si Tapu ka nyimun.,She is Tapu's girlfriend/lover.
Siika tare mi nyupato pe.,Please dig out this thorn for me!
Mobile so Yampi ka number mi oye telinto pe.,Please dial Yampi's number for me on this phone.
"Kiiran-ranjo pa, prize mi bine.",He was given a prize for his hard work.
Siika tarii si niipa ke.,This shirt is for you.
Siika tarii si hupa?,This shirt is for whom?
Ngo siika tarii mi Anya pa riichi.,I will buy a shirt for Anya.
Ngo Tanii pa ludu.,I speak in Apatani.
Ruja alyi ho ngo apin diipa miito.,I was about to have my meal when Ruja came.
Ngiika alyi ho 3:30 pa miine.,It was about 3:30 when I came.
Ngo pato.,I found it.
Yasan hii pabyapa la do.,The firewood is strewn all over.
Hime si pachosiinyopa miido ho sola da.,The child is playing in the rain fully drenched.
Ngo aki mi ilyo lo pakhiito.,I killed the dog with a machete.
"Siika yo si alo giido ke, pakhiito oye.","This meat has bone, break it!"
Turla daka yasi si papo do.,The mug of water is half full.
Harpo daka yasi si papohe su du nii.,There is only half a bucket of water.
Yampi mi papu-puye bito.,I gave one egg to Yampi.
Lenda parda.,A straight road.
Fan parhii-parkhelado.,The fan is rotating.
Mihi-milo nyi pasudu la ude mi pudu-punyu pujabiine.,A husband and wife quarrelled and completedly destroyed their house.
Ngo Tallo ka ala ho Chobing pa tiiko bipe loto.,I sent money for Chobing in Tallo's hand.
Insi piita pe ha?,Is that a bird?
"Sokii la, adodo pe ha?",Is it far from here?
"Khelyi hoka api-ara pikinnii, ngiika ane.",I cry/weep by clapping (or slapping on objects).
Siika pila si pilan ramba.,This pila is dark brown.
Sanii pinto ho danyi chado.,The sun rises above the tree.
Aji pitandoku.,The paddy field has dried up.
Forktailed Swift (Apus pacificus).,"A large swift with white throat and rump, and deeply forked tail ."
Note the difference: 'Tapu school inne ha?,Has Tapu gone to school?
Siisi loyepa apin diimaran po?,You haven't lunched yet?
Ngo Tara mi potubiito.,I held Tara tight with my hands.
Polepa aduyo no.,Don't overstate!
Ziro ho Tanii lemba ayu hokii ponkanuhe do.,There are seven original Apatani villages in Ziro.
Mo pongejado.,He is really different.
Mo anyi ponsasiido.,They two are different.
Yagii hii potedo.,The basket is full.
Apu si pudo.,The flower is blooming.
Apu pulindo.,The flower is blooming.
Subu puluja mi kapado.,The fairest mithun is visible.
Molu apple purdo.,They are plucking apples.
Ngo niika balu hokii takun puye purdoto.,I plucked one peach (to feed myself) from your garden.
Note the difference: Ngo niika balu hokii takun puye purbii.,I have plucked one peach from your garden (i.
"No, VKV ho ma sii ha, purido nii?",Do you study in VKV school?
Teacher hii pupils mi puri rigiido.,The teacher teaches his pupils (e.
Puri-rigii pe.,Please teach me!
Niika Tanii agun kenii sii ano puri-ripyo siido.,The way you write Tanii is very easy to read.
"Ziro hoka putu-puko, myodi-yasi si ano kapyodo.",The mountains and [surrounding] areas of Ziro are very beautiful (i.
Alye pyako tola do.,The door is open.
Yamu miiri mi pyodu la pyobyasiitii.,I got burnt while seizing live embers with the tongs.
Sanii rabu ura ho tabu do.,There is a snake inside the tree hole.
Student atan hii siiro ka purinii siisi lyiye puri ridorami.,The students have been studying from this morning and are still doing so.
"Ngo anyan-nyanlyanhe Delhi ho date la ude abiihankiile, ngunuka aki hii darami.",I returned home after having spent ten years in Delhi.
"Ngo aladorampa, bus harnubiine.",The bus went off before I arrived.
Mo luladoran.,He is still speaking.
"No rengii siidudo, hojalo yasan khonyehe tatoran.","You must be feeling tired, still cut/split some more firewood!"
Miitoranso.,Do this first (i.
"No rengii siidudo, hojalo ngiimi bazar linkun pe.","You must be feeling tired, still please accompany me to the market."
Pulye ari-rigo hii doran.,The cloth has yet to be stitched.
Yo mi yaso ho rigo-rigo rito la da.,The meat has been strung onto a cane rope.
Ngo siika paragraph mi puri rikhato.,I made a mistake while reading this paragraph.
Ngo basket ball mi basket ura ho rilii rikhato.,I failed to throw the ball into the basket.
"Mo tarii ayadorampa, ripabiine.",He threw away his/her shirt while it was still in good condition.
Siika novel si ano ripyodo.,This novel is very nice to read.
Siika pulye si ano ripyodo.,This cloth is very easy to stitch.
Siika ubu si yasi riiloko ke.,This hole is for pouring water.
Siika shirt si Yama ka riiniin ke.,This shirt is Yama's purchase.
Ude si riisi-riise miitolado.,The house has been dirtied.
"Tatung kedorampa, teacher paper mi robiineku.",The teacher snatched Tatung's paper while he was still writing.
Aki hii yo robiine.,The dog took the meat away.
Ngo Ziro ronge tere chakama.,I haven't come and see Ziro even once.
Niitan rungyanii!,What a nonsense!
"Inka restaurant ho ala, sa hejalo, tankinma byo ha?",What about going over to that restaurant and have tea or something?
Anii hii salyido.,The leaf is green.
Mi mi hiinkane sami- sapoyo.,Don't think that others are weaker!
"Ngiimi ka sangiinii, ngiika ane.",It is my mother who educates me.
"Traffic police ka whistle saniin mi tapala la, ngo cycle/paji domoto.",I heard the whistle of the traffic police and stopped my bicycle.
Sarin do ha?,Do you have cough and cold?
Yo si sarsiido.,The meat has no flavour.
Also cultivated for its fruits.,The Apatanis use them also for making fences to enclose their fields.
Sukun daka yasi si shuhu hulin-hukando.,The well water is continuously filled up (by some spring).
Piita si pado.,The bird is pecking.
Sika ude si ngiikii.,This house is mine.
Si piita dore.,This is a bird.
Si ngiika ude.,This is my house.
No diisito.,You eat now/next (i.
Molu asi-asido.,They are coming one after the other.
Houttunya cordata is maintained along the river bank and agricultural bunds.,It is eaten as a vegetable and for medicinal purposes.
Simi nunu chinsudu ha?,Do you know this?
Taki sii kebiinenii.,It was Taki who wrote it.
Tara mi siitubiilyato.,I kept holding Tara (by holding his clothes).
Simi nunu chinsiidu ha?,Do you know this?
"No rengii siidudo, hojalo yasan khonye-he tatoran.","You must be feeling tired, still cut/split some more firewood!"
Molu ayasiidu lo.,I hope they are fine.
Niiriipaye diigo dosiido cho.,I guess that) there is adequate food available.
Siika ude si ngiikii.,This house is mine.
Siika si ude.,This is a house.
Siiloda miido hunedo.,It may rain today.
Molu ayasiima.,They are not keeping in good terms with each other.
Ngiiyi siiper si yasi kacho riila do.,The water lies stagnant and dirty in the fish pond.
Chinese Pangolin (Manis Pentadactyla).,"A nocturnal mammal, feeding mainly on termites and ants by digging the nests."
Loder mi siitubiilyato.,I kept holding Loder (by holding his clothes).
Miibasiiyo!,Don't do [it] together!
Mobile so Anyo ka number mi oye telinto pe.,Please dial Anyo's number for me on this mobile phone.
"Balu so, yalan acho-acho do.",This garden is full of stones [lit.
Mo nyimun sone.,He had an affair with a girl.
Old Ziro sokii la niimkane na adodo nii?,How far is Old Ziro from here?
Dree alo ho sokun siisa!,Let us celebrate Dree festival!
"Mo, Obing hiilyan, luju-lumyo ayado, ano sola-ngarladu ta.","He is a nice fellow, polite and humorous, just like Obing."
Tabu sonyo doke.,The snake is short.
Tabu sorodo ke.,The snake is long.
Ngiinyipa pen sosa riibiilya.,Please buy one pen for each of us.
Ngiika vacation ho ngo sote-sodun la date.,I roamed around during my vacation.
Ngo yasan takele ala tabyasiito.,I hurt my hand as I was splitting the firewood.
Hiika ho ngo ngiila cell phone mi bapasiito.,I lost my cell phone there (by your side).
Ali mi yamu chabyasiitii.,I got my leg burnt from stepping on the fire.
Barmii anyi hii henkosiisudo.,The two sisters love each other.
"Salix sikkimensis, Pyrus pashia, Ligustrum sp.",They are repaired once a year in late November through collective action.
"Chimonobambusa callosa, a variety of bamboo whose young shoots are edible.",The nods are studded with short thick conical spines.
Ngo tachinkuma.,I have never heard [of it].
Talle Valley.,The shoots usually sprout in April .
Ngiika yahii mi yasan ho tageto la do.,I drove my axe in the log.
Ngo moka speech mi tagotoku.,I missed to hear his speech.
B: Is he?,I don't believe!
"Mo ngiimi noho dadu, nii miidu, hiila takane.","He asked me where I am now, what I am doing and all."
Inka aji si takhodo.,This field is bare (i.
Mo taliipa siine.,He died accidentally.
Ngo imitalyi.,I shall sleep.
Ngo nunuka agin ho tobotalyi.,I shall go (down) along with you.
Ngo moluka agin ho dubotalyi.,I shall stay/sit with them.
Ngo tampyo ako mi tamba-tankasiinando.,I want to share some nice drink [with others].
Mo Tanii miyu ha?,Is he/she an Apatani?
Cobra Lily (Arisaema sp.,It has a foetid smell that attracts insects .
Ngo moka speech mi tapakuma.,I missed to hear his speech.
"Dicranopteris linearis), reeds (Phragmites karka), banana (Musa spp.","The leaves are burnt, distilled, fried and finally made into flat cakes."
Mo tapyopa biisidu.,He sings sweetly.
Ngo tare ayasiido.,I too am doing fine.
Mo anyiko tiiko bare tare nyikumane.,They two were without even a penny left.
"Ngo doctor mi ter kapate, medicine labiitii.","I saw the doctor also, and took some medicine."
Nowadays *tase flour is sometimes used to feed pigs.,The leaf is also used as a remedy against bodyache .
"Encycl: climbs up into the tree tops, and is a source of rattan cane.",The stem bears spikes on the nods.
Babo si tekuto la do.,This *babo mast is tilting.
No nii miitii?,What have you done?
Ngo sa mi tantiilakinma.,I cannot finish the tea (which I am supposed to drink).
So atotiika.,Do come over here!
Inngetiika.,You can go!
Lado la diikatotiika.,We call this fruit Bachin.
No Gandhi Market inla tiika.,You should go to Gandhi Market.
Apin diitiiku ha?,Have you had your meal?
Tiinariikhapa la ngo ude hokii inri.,I moved urgently from my house.
Ngo ane agin ho Itanagar tobotalyi.,I wil go [down] to Itanagar with my mother.
Ngo Bank Tinali botodo.,I may go (down) to Bank Tinali.
Simi miitoranso.,Let me finish this first!
Ngiimi football tugii pe.,Let me play football with you.
Ngo niimi football tugiiso.,I will let you play football with me.
Police diipyonii mi latudu pa la tulyaladu.,The police is waiting to catch the thief.
Ngunu ball tuminsiidu.,We are playing ball for pastime.
Turla daka yasi si tupo do.,The mug of water is half full.
Gramm: used when referring to a particular measurement.,"When enumerating only, as in school, *tukun is used instead."
Ngo basket ball mi basket ura ho rilii-rikhato.,I failed to throw the ball into the basket.
Mo uye kiibiinenii nyan hime so khegiido nii.,He gave a blow so the child is crying.
Encycl: basically the reciprocal of the relationship to a maternal uncle.,"That is, a person will address as *ya anyone who calls him or her as '*aku'."
"Niika Tanii agun kenii sii ano puri-ripyosiido, ngo ya aya kechinmarampa ke.",The way you write Apatani is very easy to read.
Yo hii yabunto la do.,The meat is half-burnt.
Yasan si yabun-yalyunto la do.,The firewood is half-/improperly burnt.
Yamu agin ho dulyi ho yabyado.,When I seat near the fire I get too heated.
"Murun, and is equivalent to 1,5 kg, or 6 *kiihe, of unhusked paddy.",It is never used for daily activities nor serves any other purpose.
Ngiimi nyabe yakinyo.,Don't frown at me!
Kere talo si yalo bidonii ayumapa tachenedo.,"There is a slight crack running along the mirror, it may soon break."
"Mo yapa ho, .",When he was young.
Lemba daka yapa atan hii.,The village youngsters.
Apatani women.,The practice has gradually fallen into decline from the 70's onwards.
"Cinnamomum tree between them, whose edges are tightly bound together.",The rain shield is held by means of bamboo straps resting on the forehead.
Tabu alyo yiludu.,The snake sheds its skin.
No luyoka.,You don't speak!
Yorlu ngoro.,A vast garden.
Mo no yu inne nii?,Where did he/she go?
Inka ude atan si nii miikopa yu?,What are those houses for?
Hu yu momi miine nii.,Who (is the one who) beat him?
